y_true,y_pred
1200000,1215670.0
260000,261502.44
925000,929964.0
249000,249620.57
199900,197364.0
430000,430182.0
860000,862940.0
2400000,2379850.0
95000,96012.74
1329000,1310186.0
3800000,3816130.0
130000,129913.0
263000,261835.37
900000,897540.0
260000,258351.48
336806,335933.0
530000,537088.31
176000,174729.0
138000,137832.3
384000,387420.0
1300000,1318500.0
221000,220017.93
129000,128372.0
161200,162348.6
560000,550160.0
298500,297574.0
560000,560898.77
149900,150583.0
150000,150039.0
230000,230039.2
720000,721167.93
285000,287533.0
230000,237394.0
475000,476102.6
481050,484890.0
1075000,1076847.53
175000,174673.0
240000,239918.13
530000,528589.96
339000,340774.0
995000,997835.43
920000,932905.99
1100000,1099318.0
150000,150164.0
2270000,2259500.0
230000,229588.0
225000,223120.0
2400000,2402556.0
260000,264185.0
539000,540380.0
425000,425838.0
167000,167837.7
270000,269013.78
269900,273882.5
142000,141264.91
4300000,3631424.0
8700000,8554250.0
219000,218815.6
3750000,3641700.0
155000,155058.1
1080000,1093030.8
495000,495060.0
325000,326089.9
550000,550150.0
165500,166091.9
630000,629070.0
514000,512970.0
970000,967049.96
1850000,1856000.0
174000,173641.41
252800,251509.0
3300000,3309970.0
149000,149866.0
119900,119786.7
95900,96373.0
90000,90817.96
3500000,3522100.0
353900,356190.6
1120000,1145442.0
548000,550295.9
429000,432828.99
350000,339114.71
318000,317618.0
159680,161176.69
901250,904000.21
200000,199424.03
670000,667801.5
272461,273246.47
240000,240176.0
180000,177263.0
850000,846590.0
1590000,1590427.0
170000,170148.48
360000,360945.0
1380000,1359920.0
1500000,1477780.0
263000,264004.99
162000,161785.99
439000,436698.47
198000,198312.24
940000,940000.0
1690000,1691200.0
143000,144671.38
1590000,1581282.15
315000,319452.9966666667
255000,253221.0
128000,127946.0
122000,123406.6
285000,285079.16
189000,186155.96
599000,602134.0
820000,818501.49
470097,466664.47
1300000,1291300.0
139900,139945.0
1400000,1409300.0
1175000,1112020.0
540000,540698.2
310000,309741.05
698000,700780.0
595000,596149.9
2355000,2468990.0
259000,260004.96
424000,430904.0
237500,237112.0
1590000,1582850.0
235000,235837.8
922000,919006.43
128000,129196.7
670000,672450.0
390000,388280.0
102000,102990.2
218000,219011.0
175000,175259.0
3000000,2990130.0
950000,963997.32
171900,172054.74
2200000,2234130.0
390000,390710.0
690000,684820.0
275000,275505.5
219000,216478.99
460000,459861.0
3200000,3339500.0
440000,439165.0
505000,508523.97
169000,168279.0
850000,834739.39
268000,269720.9
149000,148890.0
339000,337545.1
519365,504030.0
575000,573647.0
437000,437860.0
750000,752373.18
290000,291827.0
185000,175033.0
105000,104715.48
620000,624270.0
440000,438363.0
1375000,1390863.68
480000,485888.4
135000,129960.0
1700000,1700200.0
890000,889100.0
285000,283370.0
275000,274619.0
318000,318840.0
324000,322760.0
165000,166109.27
256000,258251.0
307000,307942.5
341000,339600.0
510000,515720.0
149000,149482.16
530000,525043.96
304869,305152.91
2650000,2648250.0
399000,400589.3
465000,464361.77
1995000,1993130.0
620000,624694.94
124200,124421.2
382000,378583.0
1004000,1008557.59
1280000,1277900.0
328000,325810.0
139000,138932.0
650000,654138.0
147000,147236.0
150000,148069.0
570000,571499.6
740000,744169.28
1600000,1599200.0
135000,135305.0
1430000,1413118.4
940000,940000.0
641300,645466.28
1175000,1169000.0
775000,768935.0
310000,308285.0
315000,314724.0
225000,225445.0
1653930,1645596.7
590000,591450.0
825000,809650.0
355000,349183.09
165000,165230.9
100000,99341.19
395000,397459.0
99900,99856.0
382000,382110.0
169000,169137.0
2490000,2487300.0
214900,214935.0
166400,166048.0
220000,221124.0
615000,612162.76
405000,405600.0
330000,333507.88
210000,210235.0
219000,217572.0
225000,224924.05
1090000,1094330.0
400000,398720.0
117500,117345.8
133500,133726.0
225000,232490.0
960000,956540.0
485000,485739.0
400000,399695.0
2200000,2223647.0
499000,496394.0
875000,878275.84
230000,228811.21
712000,711230.0
295000,290589.0
930000,943679.97
318500,318275.0
829000,828000.0
260000,258210.0
800000,798898.94
375000,374970.0
335000,333546.0
172000,171607.01
575000,572152.63
700000,701592.42
140000,139224.99
125000,124968.0
135990,136520.0
176000,176301.8
925000,921870.0
220000,218529.99
695000,696440.0
150000,149948.7
189900,197149.0
420000,422943.0
1599000,1601470.0
273000,272078.97
180000,184083.0
252000,251883.6
230000,231026.0
110000,110107.65
259000,259280.0
103000,103194.73
99000,98648.88
185000,186559.4
1800000,1779835.0
2970000,2940840.0
480000,481790.0
900000,897980.0
244900,243293.6
550000,546895.88
3500000,3488220.0
895000,891364.99
1350000,1355800.0
128000,127619.7
900000,882040.0
1940000,1938397.0
189900,190405.0
280000,278210.2
425000,424246.0
119000,117813.0
2250000,2218535.0
630000,630080.0
198000,197711.98
819900,820290.0
156349,156738.46
104900,104902.8
2200000,2210230.0
1150000,1153330.0
515000,515050.0
299000,296148.0
665200,658470.0
220000,218915.0
360000,363571.0
857000,859335.0
369000,370226.0
650000,650707.06
2200000,2200100.0
454400,455490.0
220000,221535.8
675000,678750.0
589000,588540.69
2250000,2249605.0
256000,256006.7
290000,289711.0
298000,298520.83
330000,330561.0
245000,242158.0
420000,421410.0
189000,189352.0
540000,543537.76
655000,655597.5
234000,230624.92
139000,139767.1
180000,177769.97
270000,270827.0
189000,189018.7
2100000,2103100.0
2100000,2099709.21
537000,538680.0
1250000,1250370.0
200000,198976.45
116600,115644.0
2150000,2180250.0
385000,386243.6
120000,119982.0
1200000,1195600.0
895000,894808.44
750000,748473.18
875000,874840.0
339000,335980.0
845000,845080.0
105000,104000.0
1700000,1723929.3
470000,468965.0
240000,239358.96
299000,299050.0
640000,634147.0
1850000,1873850.0
99900,103396.5
410000,409625.9
226600,225944.0
350000,349641.0
240000,240550.0
129900,129502.9
830000,826390.0
2200000,2187376.0
490000,486590.0
300000,299033.45
167000,167240.99
850000,850074.17
4100000,4168710.0
1950000,1951100.0
175000,174255.0
333000,331483.0
270000,269748.0
2490000,2478876.0
1280000,1285933.9
319000,320226.4
229000,228619.02
375000,389374.11
320000,321483.0
791000,792175.2
275000,282436.0
895000,902684.64
395000,393269.0
325000,325560.0
750000,750670.0
147300,147526.0
540000,540000.0
267000,267687.94
100000,100884.0
147600,147460.9
350000,354923.0
190000,190785.09
135000,133901.7
360000,359869.0
353000,354379.0
435000,435056.0
359000,359181.1
1690000,1691150.0
480000,481285.41
199000,196049.0
278999,279260.24
795000,791770.0
428000,427475.0
725000,717619.28
430000,430229.99
75000,77231.6
100300,100008.91
520000,519750.0
88500,87469.9
99500,100571.74
459000,458227.0
164900,165330.0
365000,369178.11
345000,345864.88
429000,428427.99
235000,241957.9
640000,627775.36
450000,448369.0
127000,126915.0
466800,465285.76
199000,199066.97
233908,230561.8
228822,230824.6
165000,164785.0
280000,279507.0
2900000,3026090.0
530000,529922.5
750000,748450.0
695000,697088.0
498995,497879.2
310000,312582.49
250000,251077.55
309000,307873.97
99000,99228.94
3130000,3103648.0
420000,419781.0
245000,247570.4
900000,902804.64
240000,239965.0
120000,119636.0
320000,320939.0
260000,259093.0
280000,279763.3
695000,688109.9
625000,625260.0
2200000,2225650.02
1590000,1569900.0
220000,220653.0
576000,576215.0
890000,888709.1
1990000,1920609.92
465000,467050.0
350000,350522.36
165000,165564.0
126000,125604.0
215000,215273.96
695000,693261.2
810000,779640.0
485000,484045.0
133000,131942.0
1395000,1444650.0
149900,149856.0
360000,360750.0
549000,550403.07
130700,130194.0
450000,449701.0
174900,175900.0
675000,670730.0
385000,381170.0
700000,700690.0
280000,278515.0
600000,598850.0
630000,626380.0
175000,175907.0
255000,256350.8
795000,815120.0
849000,860890.0
550000,549673.72
414000,414586.0
493370,498708.6
1800000,1796209.2
3300000,3295800.0
430000,430407.69
395000,395620.0
910000,915616.0
725000,719916.0
682500,676019.9
115000,115794.9
885000,884960.0
210000,208331.28
390000,390750.0
499000,499444.95
365000,365288.0
131000,129973.0
825000,826770.0
170000,170809.0
141000,140832.0
570000,568677.76
149900,150751.0
360000,364889.8
95000,94923.29
650000,643910.0
129900,130463.21
948000,955608.0
219000,220328.82
2500000,2501480.0
394000,392449.7
389000,394589.0
190000,189611.6
69900,70626.44
223000,223192.5
2100000,2081540.0
690000,699239.0
168000,166255.0
539000,539120.0
218999,219383.0
309000,309766.27
571300,574194.6
999000,1008430.0
157000,157555.0
599000,596441.6
225000,224770.0
279845,279747.9
240000,239720.0
179000,180193.99
175000,174336.71
650000,673681.2
359900,359861.5
150000,150137.0
149000,149588.0
240000,240157.92
4400000,4188000.0
156000,156106.0
955000,953299.99
415000,421473.48
1050000,1045279.97
565000,562469.0
1100000,1146420.0
335000,334890.0
832000,840190.0
890000,885120.0
340000,340600.44
310000,310004.0
165000,165325.36
279000,280516.45
200000,198646.46
172000,171753.5
550000,537995.0
99000,99277.99
531527,538182.77
108000,107846.81
1575000,1569250.0
460000,464639.0
1350000,1356161.48
99000,98914.2
140000,141141.99
555000,551867.9
340000,336880.99
250000,251491.97
645000,645920.0
320000,319726.0
435000,437272.0
1340000,1311736.0
1272000,1295926.46
1220000,1203748.0
385000,384770.0
594900,596751.6
1850000,1809250.0
495000,496080.0
1100000,1099692.0
1490000,1490500.0
4800000,5053200.0
457000,454945.0
720000,715930.0
699000,674620.0
615000,615580.48
1200000,1213962.0
2800000,2807250.0
230000,229920.0
549000,543298.67
1750000,1757580.0
125000,125260.99
1800000,1811150.52
114000,113398.0
2900000,2864720.0
470000,468707.0
77000,74406.3
268000,266945.28
790000,790900.0
2260000,2259938.0
2200000,2200550.0
175000,173988.5
680000,678370.0
145000,145439.91
565000,568989.0
460000,459639.5
124000,124211.12
225000,224525.0
495000,494347.0
1160000,1157930.0
685000,683090.0
1850000,1861347.0
220000,221139.0
349900,350199.11
799000,799031.8
254760,256080.71
458000,457528.0
175000,175233.8
385000,381002.52
4300000,3698274.0
850000,858588.0
309000,306275.0
2040000,2043620.0
1950000,1924150.0
299000,302463.0
405000,401468.98
406000,404299.0
199000,198819.95
3300000,3324470.0
209900,209467.0
247000,250176.91
440000,439705.0
152000,152445.0
875000,898137.72
1390000,1409980.0
3650000,3695000.0
1500000,1500780.0
70000,73298.4
998000,998257.72
386000,387623.03
755000,750949.5
550000,549440.0
255500,256889.3
495000,477470.0
600000,604146.44
2400000,2386330.0
985000,979450.0
120000,119765.0
271000,271759.0
840000,829998.48
2300000,2300700.0
430000,429733.0
2800000,2812100.0
235000,235305.0
523127,522245.22
1575000,1573850.0
825000,801440.0
890000,891772.0
125000,125105.0
750000,753270.0
649000,658857.11
1595000,1594750.0
800000,809870.0
485000,491807.0
750000,748580.0
167000,167752.9
1950000,1923550.0
215000,214009.75
875000,875625.29
509000,505126.9
2950000,2931450.0
580000,581484.4
1250000,1239740.0
145000,145449.0
595000,593675.0
570000,568743.3
275000,274303.91
169900,170042.0
400000,400090.0
4350000,4418600.0
794000,792343.0
275000,271962.66
168000,166909.61
1500000,1489300.0
153000,154555.72
195000,193949.3
495000,501110.0
285000,286078.1
507000,505468.0
780000,783140.0
270000,267730.7
270000,270816.0
250000,248737.72
465000,448905.99
2100000,2103524.96
135000,137415.13
1450000,1483150.0
147000,146954.0
410000,402365.0
1695000,1693521.0
990000,992641.46
300000,299706.3
1070000,1086350.0
175000,172983.0
1600000,1410740.0
395000,395969.0
98990,99955.3
270000,267711.71
179000,174596.0
195000,195149.28
1900000,1853840.0
900000,899580.0
100000,99363.6
355000,359865.0
650000,644862.0
1690000,1696321.0
185000,185460.0
515000,515240.0
249000,247680.8
165000,163603.0
145000,144475.8
4000000,3943500.0
255000,253331.0
549000,556175.1
264000,265448.4
535000,552573.0
285000,282514.45
460000,461018.11
155000,155320.0
418000,413705.11
210000,210088.48
530000,527170.62
90000,90739.4
170000,170444.0
367000,367170.0
425000,424590.0
850000,858760.0
135000,135005.0
275000,274200.5
180000,176689.0
295000,295268.1
139000,138077.67
315000,312580.0
520000,513584.03
575000,569034.44
175000,175140.0
1495000,1516700.0
1600000,1580305.84
207000,204408.0
220000,223880.0
780000,776639.0
375000,374390.0
238000,237622.0
619111,618135.96
1850000,1851500.0
520000,520000.0
88000,88064.99
295000,296303.0
126000,125987.0
1890000,1889790.0
189000,189087.9
370000,371180.0
645000,646770.0
235000,235135.38
127500,127077.0
1950000,1951300.0
255000,251206.64
350000,347624.0
688649,689210.0
240000,239727.78
890000,885930.0
95000,95720.99
1100000,1115300.0
110000,111897.91
142500,142152.5
1490000,1482500.0
369900,370990.38
415000,416320.0
275000,276105.19
215000,216639.0
620000,617560.0
850000,855430.0
99000,98218.58
995000,996300.0
690000,685070.0
266500,265685.76
865000,861340.0
425000,429790.0
698000,700067.64
1095000,1060200.0
84000,86372.94
160000,158831.89
490000,484360.0
257000,257371.8
1100000,1098990.0
157000,156939.0
475000,477358.37
125000,125056.0
360000,362732.0
199000,198245.98
1350000,1391350.97
490000,486370.0
740000,738992.48
420000,418645.0
279000,281835.0
1975000,1899300.0
175000,175488.0
365000,363080.0
429000,429780.0
170000,169408.0
740000,843540.0
180000,179812.9
2300000,2333511.0
790000,788820.91
288549,289236.29
550000,551159.7
2000000,2022205.0
2650000,2633145.0
1395000,1395680.0
440000,438793.0
535000,537770.0
195000,193460.35
895000,909447.32
230000,229852.68
340000,339883.0
225000,228931.0
495000,494481.0
290000,292905.6
845000,848730.0
2050000,2052600.0
385000,375830.0
295000,301396.0
550000,550270.0
340000,339485.0
130000,129715.0
200000,199818.5
199000,202635.02
610000,609917.0
109900,109938.49
235000,235830.73
460000,464661.0
184000,183310.0
1750000,1750340.0
1600000,1609050.01
425000,424367.97
1237000,1233480.0
840000,842930.0
260000,261377.06
825000,830760.0
110000,110213.53
1549000,1563950.0
1200000,1174697.2
675000,681080.0
425000,425800.0
545000,552410.0
85000,86003.6
138000,138304.02
126000,125978.93
1690000,1711609.3
355000,354436.0
480000,481777.98
599000,601963.9
890000,893160.0
1599000,1604600.0
370000,364770.0
120000,119936.4
190000,189214.0
1480000,1480687.78
4250000,4766400.0
1240000,1238600.0
399000,396410.0
1187500,1188685.0
599000,597380.0
1430000,1465450.0
449000,449157.0
158000,157028.0
285000,285400.0
1300000,1286561.0
159000,159060.0
420000,422960.0
525000,517528.99
990000,977365.95
94900,95711.0
165000,163688.6
130000,130268.0
1350000,1339920.0
206000,205494.94
158000,158164.29
230000,230254.5
262500,262170.0
215000,214490.0
364000,358776.0
670000,683510.0
1125000,1119511.11
145000,145028.25
325000,327187.0
800000,786133.74
130000,130151.6
210000,210468.41
725000,727108.0
670000,669507.97
840000,841991.16
250000,247334.78
273000,273732.4
130000,130023.0
122500,123486.43
2990000,3067646.0
400000,396670.0
325000,324835.0
140000,139648.0
195000,196729.98
1575000,1568200.0
1460000,1465558.0
139000,138959.0
157000,156536.6
251000,247787.0
1780000,1717650.0
489000,485694.69
250000,253222.5
1400000,1406290.0
149000,149711.0
595000,596647.4
336000,341239.4
1290000,1279938.0
730000,729479.0
135000,134410.0
920000,932000.0
160000,160867.88
597894,597940.0
337631,339200.32
2150000,2082875.0
415000,416150.0
146000,145577.2
185000,184995.0
7900000,7932000.0
1850000,1857000.0
135000,136791.6
410000,404799.0
235000,236156.0
1090000,1097990.0
415000,417462.0
210000,210169.23
124900,124933.0
2800000,2812750.0
147000,147148.0
350000,348651.0
195000,194260.0
535000,532638.69
148270,148080.0
140000,139984.5
960000,962430.0
259000,259824.0
260000,262419.3
125000,124824.0
1300000,1305270.0
518000,515730.45
469900,472587.94
589000,589629.99
489000,482980.0
115000,114104.0
875000,859800.0
3010000,3131900.0
1950000,1954350.0
650000,649450.0
1100000,1098740.0
3500000,3594000.0
170000,169120.11
3960000,3960500.0
215000,217550.0
339999,343193.98
145000,144118.0
825000,826767.5
139900,139509.5
1080000,1064323.99
575000,575000.0
357000,358659.0
375000,375004.49
129500,129480.3
165000,164544.7
860000,853067.04
249500,251814.0
180000,180940.0
255720,253841.52
83000,85004.99
159000,159796.05
315000,316054.0
156000,155775.0
450000,450300.0
635000,640030.0
930000,930150.0
320000,322195.0
590000,589223.06
1500000,1529199.99
225000,225058.4
179000,178871.0
99000,98352.0
230000,230304.0
250000,249899.07
498000,483970.0
762000,752070.6
689000,691456.1
139900,139538.7
1550000,1555200.0
139900,140113.0
2900000,2923870.0
350000,350979.0
109500,110022.7
1400000,1392750.0
194000,193408.84
193400,196421.74
305000,304490.34
419400,419979.0
850000,851715.0
299900,298722.61
155000,155723.0
260000,255912.9
577142,579359.94
2900000,2833300.0
2400000,2388200.0
299000,298198.93
375000,373701.54
285000,283532.84
1360000,1350840.0
675000,673130.0
350000,349637.0
564300,563861.0
895000,894050.0
600000,603439.1
298800,295983.84
420000,417819.9
228000,227850.0
242100,243065.6
795000,797322.5
178000,179556.65
120000,119579.7
382000,382320.0
360000,359097.38
154000,153098.82
795000,795385.31
1800000,1776150.0
349000,347534.66
460000,458519.0
325000,324420.0
362000,358847.3333333334
180000,181029.0
357000,357880.0
619000,619360.0
890000,921744.63
125000,124043.0
345000,345330.0
960000,965950.0
295000,295165.0
177000,175435.42
334000,337166.26
369500,369260.0
690000,694390.0
210000,209927.67
499000,498198.99
965000,970748.0
850000,852260.0
2950000,2950500.0
167000,168723.97
850000,848173.09
175000,175413.0
2080000,2050550.0
571000,569524.3
129000,127525.7
290000,287360.14
1250000,1257590.0
139000,138758.7
71000,76140.0
298000,300449.47
337000,335468.75
232000,231866.19
339700,340974.0
170000,170186.29
220000,220143.0
695000,693951.0
710000,709860.0
595000,605746.0
485500,484855.0
240000,239913.26
415000,406892.35
490000,488135.0
119000,118177.6
3000000,3026900.0
189000,189108.9
189000,189835.23
450000,448341.77
995000,994870.0
460000,464116.0
2650000,2646700.0
464000,464339.04
170000,169886.0
97000,96583.0
320000,320820.0
2280000,2285300.0
857000,858731.0
95000,93727.5
430000,430309.98
175000,165878.0
2530000,2599654.0
665000,664494.0
760000,755722.6
360000,357690.18
630000,630059.12
520000,520229.98
810000,814660.0
183000,182852.2
154900,153593.0
850000,851565.0
185000,183485.0
350000,349067.0
310000,312726.21
3500000,3594000.0
123800,127608.0
179000,181209.8
639000,634580.0
1650000,1665700.0
105000,105165.22
410000,410735.2
475000,476575.22
3850000,3820100.0
690000,685290.0
430000,426790.0
143000,142033.0
840000,842000.0
925000,898944.57
460000,455690.0
495000,493580.0
8700000,8589250.0
798000,792994.0
899999,892370.0
238000,238166.0
439000,439860.0
550000,551050.0
2250000,2310150.0
110000,109540.0
850000,851490.0
130000,128825.5
450000,449974.04
430000,428970.0
272000,272615.9
1525000,1550653.68
260000,262251.58
164000,165141.8
145000,144808.95
458000,457335.23
480000,484548.56
645000,647713.15
1390000,1397650.0
339000,335860.0
260000,271823.0
150000,149623.71
380000,379810.0
1650000,1657050.0
990000,1095770.0
318000,319000.5
128000,127576.0
129900,130174.0
122000,120877.5
179900,179916.84
158000,157252.48
1250000,1251660.0
675000,677751.0
3900000,3623928.0
204000,203523.97
198000,198112.45
134999,134976.91
1100000,1098390.0
438000,432457.0
140000,139527.54
2750000,2659020.0
825000,822310.0
495000,493180.0
185000,185417.6
700250,699374.9
130000,128802.0
1800000,1793574.99
2290000,2282040.0
190000,190287.0
580000,579845.2
1790000,1797000.0
1500000,1485390.0
460000,461048.39
250000,248585.0
2200000,2211300.0
690541,681298.0
167000,164943.1
130000,129647.4
220000,220245.74
244000,245257.79
279000,281846.17
550000,550000.0
279000,281455.0
150000,148939.6
630000,613069.0
1425000,1421900.0
625000,630050.0
160000,159755.49
148000,147814.0
755000,766318.23
700000,695850.0
385000,381610.0
189000,188913.0
720000,697619.0
160000,247396.73
295000,294840.0
144000,143878.0
200000,201476.08
616000,613969.45
290000,291029.2
980000,979539.95
131000,132875.77
345000,346099.0
235756,236007.0
165000,164595.0
324900,324885.0
187000,188927.6
145890,145277.0
174000,172789.0
259900,259637.89
760000,768519.93
380000,379716.94
250000,250683.29
2680000,2658180.0
745000,743920.0
540000,527679.88
439000,437508.0
595000,595904.9
154500,154264.53
140000,139060.18
1900000,1894750.0
299000,304020.0
1690000,1690900.0
156000,156501.42
189890,189478.0
130000,129647.0
1465000,1471450.0
2200000,2219730.0
395000,396370.2
170000,171653.96
345000,340998.0
550000,564804.99
2150000,2155794.0
825000,825010.0
133000,133240.0
170000,167541.0
539000,541858.0
920000,920830.0
238000,236855.0
2200000,2241406.0
3500000,3496400.0
950000,941097.14
695000,697456.0
430000,431255.0
1600000,1613589.96
280000,279564.0
350000,349669.0
550000,550058.0
520000,520199.19
149900,149601.0
141000,140535.0
589200,589316.0
1425000,1415336.0
520000,518840.0
178000,178682.0
150000,149986.0
415000,417886.99
725000,723900.0
2350000,2334000.0
85000,85101.45
129000,128508.0
690000,670705.29
259000,260988.4
363000,365175.8
2100000,2126525.0
440000,439179.99
480000,473957.0
99900,99052.1
475000,478420.0
230000,230300.0
378000,377485.28
978000,970999.0
145000,144890.0
155000,155468.0
293000,290685.0
655000,671270.6
1150000,1152390.0
780000,771400.0
140000,140010.0
639000,634359.12
159900,159259.68
152000,151209.35
549000,549172.4
390000,388390.0
780000,782548.0
1800000,1786850.0
134000,133570.95
199000,198772.8
130200,129965.6
380000,375680.0
335000,338080.0
765000,768000.0
449000,448828.0
1980000,1990100.0
481600,476592.0
660000,662746.18
4320000,4283980.0
371000,372128.0
95000,95372.0
155000,155484.0
265000,263915.0
2200000,2211600.0
360000,357318.0
140000,142032.0
495000,492440.0
200000,196459.96
489000,494565.41
1560000,1545407.36
130000,128418.0
575000,576046.4
522000,523905.54
218000,225049.99
460000,459003.0
890000,888760.0
650000,619060.0
540000,539799.0
1250000,1253820.0
235000,234266.27
179000,178738.0
156000,158557.93
159000,158878.0
150000,149813.7
1500000,1492088.0
850000,847790.0
890000,906300.0
224999,225437.34
700000,698585.34
135000,134802.0
123000,123877.6
520000,520000.0
998000,990174.58
665000,664497.5
665000,665087.5
405000,403996.0
1750000,1749050.0
170000,171733.0
391000,393187.92
123000,124112.93
271200,271066.0
1599000,1610870.0
1240000,1235580.0
1550000,1543328.0
485000,481718.23
165000,164935.6
200000,198093.07
269000,269813.67
165000,165036.2
97000,97580.62
475000,474858.0
1500000,1502507.36
375000,371956.99
139000,134815.0
950000,952839.06
99000,100854.8
135989,136049.0
377000,373169.54
1150000,1151200.0
665562,665230.0
350000,355727.0
210000,210599.0
375000,374649.0
520000,519850.0
995000,993640.0
1460000,1425569.0
544100,541364.0
2599000,2529584.0
650000,649977.0
145000,145392.0
160000,159783.0
299990,292113.0
640000,619580.0
1450000,1459750.0
790000,793434.0
189000,191374.4
360000,359535.0
188999,191940.71
198000,198199.99
750000,750610.0
547000,549430.0
110000,110173.81
125000,125980.0
192000,191390.2
299000,301040.0
345000,345305.3
140000,140574.98
156000,156394.48
320000,314234.0
119000,118336.2
83900,84052.0
452000,453321.0
139000,139253.0
126000,126134.0
1200000,1208880.0
359000,357684.8
130000,128125.89
623000,623000.0
155000,154001.0
259000,259659.24
236000,240652.92
278000,279454.19
790000,797980.0
400000,400308.24
645000,648301.3
365000,369060.0
365000,364090.0
99900,98856.13
114900,115097.19
199000,199730.88
795000,792880.0
129900,130292.0
695000,694721.8
950000,962430.0
269000,268710.0
49500,56017.4
509000,515798.0
109000,108542.3
4950000,4946500.0
1950000,1930950.0
146000,146349.0
470400,468226.0
250000,253630.0
133000,131791.0
194000,194567.15
116000,116288.0
128000,128121.1
295000,293398.0
139000,144656.0
890000,886570.0
140000,139493.0
2200000,2167785.0
710000,711959.9
650000,649970.0
155000,156208.16
134900,134355.0
347000,348588.0
240000,241625.6
890000,891950.0
120000,119886.6
260000,260060.0
785000,792771.92
525000,521708.96
398000,400352.5
99000,98613.73
495000,494406.0
544100,542444.6
250000,250443.87
549000,550540.0
690000,688120.0
3250000,3126700.0
326000,327278.94
175000,174850.0
89000,87135.3
1350000,1349190.0
595000,593214.99
220000,219890.0
905000,921940.0
269000,268098.77
280000,278163.0
169900,167806.99
695000,692310.0
400000,402992.0
3500000,3507760.0
220000,219350.0
750000,749240.0
630000,630232.15
205000,202697.05
255000,256343.68
448000,448162.75
810000,816938.0
270000,272710.55
1460000,1446352.0
139000,139264.0
220000,219950.0
82260,80342.8
360000,352964.68
265000,260904.0
2750000,2818500.0
204000,204990.0
2300000,2308150.0
399000,408784.6
275000,275815.0
650000,648652.52
455000,459255.0
665000,665417.5
285000,284552.5
92000,92104.0
135000,134018.3
215000,219609.8
1350000,1351925.0
200000,199799.0
135000,127478.0
1091000,1088840.0
187000,187046.7
289900,287140.0
1690000,1695600.0
577000,576768.0
580000,581133.0
330000,331162.0
300000,300811.07
550000,549530.0
1850000,1826000.0
434000,436439.0
2900000,2835599.0
790000,790710.0
660000,660150.0
1290000,1269930.0
554000,544918.18
262000,260298.63
300000,298599.0
258000,257236.48
210000,210495.0
2850000,2883428.0
325000,325560.0
437000,439429.98
1050000,1059490.0
126000,125963.0
155000,155381.38
225000,222821.16
155000,154698.9
945000,953584.64
135000,135650.36
185000,188039.0
256000,252067.17
354900,352220.36
660000,664355.94
595000,591830.12
1150000,1134782.9
300000,300328.0
580000,580796.0
650000,644199.0
4500000,4475000.0
119000,117663.0
398000,395869.0
1500000,1495190.0
180000,173920.0
649000,652387.5
1590000,1560550.0
535000,540040.0
490000,493054.0
1950000,1942540.0
175000,179418.0
860000,857589.58
260000,260821.0
370000,370194.0
696000,692689.9
900000,890294.59
3825000,4014800.0
349000,349545.0
470000,455774.0
1685000,1735750.0
270000,266970.0
1250000,1250820.0
299000,298676.6
350000,349890.0
609700,613393.58
489900,490232.0
1599000,1584139.95
194000,193737.0
292000,291559.0
300000,298559.57
550000,555234.0
210000,210317.0
127500,124166.57
1110000,1051900.0
149000,149530.0
164000,164163.49
320000,322266.61
755400,766025.0
870000,871221.0
310000,310180.09
877000,861680.0
155000,154931.6
410000,408823.0
489000,493840.0
195000,196581.0
830000,831350.0
85000,88388.6
450000,452217.0
595000,601775.48
230000,230487.0
1250000,1251720.0
3276000,3281860.0
730000,728864.0
145000,145269.0
490000,488850.0
1850000,1852100.0
665000,668910.0
199900,199579.0
930000,935666.0
4000000,3942000.0
700000,700237.0
2100000,2048930.0
365000,365024.7
2100000,2117000.0
130000,128960.68
1015000,1008879.99
660000,672258.0
520000,514767.96
120000,119896.0
148000,147541.0
620000,533250.0
165000,165058.0
118600,118839.0
190000,192035.0
569999,563708.0
499000,491267.5
590000,588390.9
895000,896770.0
180000,181654.86
675000,678940.0
230000,230112.0
560000,560680.2
1790000,1792100.0
675000,669987.0
999000,996840.0
664797,658441.08
215000,213397.0
150000,150346.5
670000,670400.0
1600000,1591710.0
580000,576860.36
564000,562639.5
229000,229287.1
251650,249116.02
360000,362239.42
525000,524404.51
272000,271379.04
167000,165786.4
280000,280240.0
550000,555116.12
1950000,1949220.0
650000,634770.12
280000,279334.0
580000,579650.4
360000,361648.0
375000,372010.0
470000,467680.0
349900,350166.18
164900,164956.0
2200000,2161740.0
269500,269527.41
243000,242593.98
990000,1078720.0
410000,410660.0
2950000,2853348.0
145000,144848.0
1150000,1170100.0
129000,129123.12
1250000,1249300.0
278000,277307.56
229000,233350.46
169000,168899.0
330000,331124.0
130000,130499.0
359999,361549.0
229000,231020.6
905000,911138.59
565500,568389.9
198000,196602.0
1970000,1944950.0
2300000,2298685.0
4800000,5043800.0
1400000,1383507.24
485000,483846.0
368000,373856.38
127000,127550.0
135000,136048.91
128500,128964.98
234000,234282.36
447000,446385.0
162500,162356.0
398000,395810.25
145000,145339.94
485000,484650.0
155000,155221.78
829000,828225.96
679000,683320.0
334508,334805.32
2600000,2491695.0
349000,350734.68
480000,480320.0
1780000,1816000.0
650000,648919.0
510000,512379.3
126000,125876.66
162793,163856.3
395000,392212.9
630000,629050.0
785000,789340.0
890000,888861.0
950000,953240.0
180000,181399.0
218000,217180.0
229000,228312.19
97395,97109.75
298000,297107.77
235000,235721.5
1095000,1136800.0
1625000,1636619.91
780000,780940.0
835000,838060.0
890000,889950.0
3900000,3758000.0
126000,126124.1
540000,542620.0
795000,798027.6
127260,127610.0
370000,405013.83
100000,99757.97
181000,182353.5
349000,350181.63
2000000,1981980.0
279900,279722.45
203000,203361.95
142000,141777.51
240000,239885.04
320000,317309.6
334192,334759.34
755000,752940.0
328000,328556.0
410000,406130.0
2200000,2255608.0
400000,399820.0
85000,87699.14
1250000,1255987.8
260000,259434.25
140000,143830.0
126000,126568.6
840000,847840.0
2400000,2393800.0
585000,584815.06
698000,696740.0
240000,240143.69
950000,948500.0
390000,391160.0
175000,174957.9
170000,169651.84
108000,108097.9
890000,877196.06
1700000,1720099.3
298000,295743.33
136000,137033.0
145000,144702.0
994568,1000210.08
890000,886600.0
1420000,1439290.52
135000,135209.0
680000,662405.85
429000,430790.0
230000,229246.24
99900,99681.5
375000,372865.0
490000,484152.21
350000,355654.0
215000,213685.47
2000000,2021718.4
1250000,1250796.0
2785000,2776250.0
899000,902826.06
579000,578350.0
695000,695219.5
845000,838948.0
998000,991816.0
110000,110485.0
127000,127515.99
830000,826140.0
445000,446958.77
211000,213429.0
170000,170988.4
795000,782476.46
110000,109679.6
650000,649548.0
123800,122363.4
160000,158940.0
1650000,1656550.0
218400,220404.99
359900,358758.0
155000,156812.91
790000,789770.0
111000,117140.0
480000,476760.0
199000,202792.98
299000,300875.79
2000000,1996450.0
1050000,1054470.0
240000,239393.33
895000,900135.0
131000,133606.58
480000,486681.0
95000,94685.59
214000,214041.39
345000,347360.0
661000,663641.12
350000,350497.72
140000,140022.55
125000,126050.0
146000,145337.0
120000,119260.8
780000,772489.9
310000,310960.0
215000,215298.0
190000,187660.0
695676,701407.6
347000,352318.75
330000,329558.91
309000,308206.16
405000,407423.47
235000,235162.0
285000,285847.0
630000,627520.5
2700000,2692520.0
4350000,4350000.0
230000,228600.04
1250000,1249250.0
100000,97886.24
410000,409463.0
195000,196010.21
3300000,3253070.0
1125623,1130628.04
266122,266186.1
165000,163556.0
1890000,1893842.0
319000,316730.0
354000,353440.0
245000,243881.71
199000,197783.0
568700,556446.5
850000,846260.22
2200000,2234980.0
155000,155195.99
140000,140400.7
6800000,6365500.0
620000,621187.0
1079000,1073330.0
530000,529970.0
1387000,1387090.0
179999,179100.0
3480000,3470900.0
604000,602617.55
585000,589777.0
4155000,4120940.0
280000,279267.2
255000,252628.8
175000,173235.6
600000,598147.0
417000,416561.88
1400000,1398996.25
439000,439920.0
165000,159762.0
378000,377600.0
210000,213860.0
147000,147850.34
105500,104944.7
79900,81120.1
950000,921130.0
164000,163756.0
395000,392633.0
162000,161116.8
165000,165735.7
421000,421978.0
85000,86098.86
260000,260270.2
290000,291525.35
2850000,2843500.0
128000,128782.99
867000,880552.91
123500,123853.19
590000,587976.8
950000,946718.0
325000,324359.99
850000,849100.0
115000,116978.0
1800000,1788850.0
2100000,2101268.4
220000,221589.0
375000,370867.0
115000,116312.7
169900,173085.0
550000,556490.0
672900,688830.0
796350,797283.97
2000000,1945096.0
119000,119584.8
515000,515700.0
455000,450736.0
320000,329745.0
610212,613203.84
3000000,2988800.0
1430000,1421301.04
538900,539964.0
170000,169923.4
1343500,1340670.0
329000,335079.74
1650000,1603597.6
499000,499287.99
280000,279859.5
1495000,1491307.36
235293,235292.83
359000,359447.6
2850000,2876050.0
110000,109568.0
330000,329955.0
4100000,3331750.0
95000,93242.9
348000,346890.0
249000,250628.04
360000,360452.0
620000,616409.0
4500000,4565500.0
250000,249250.0
310000,308903.7
225000,224948.0
660000,667148.0
179000,179468.0
930000,921930.64
119900,119758.0
810000,802987.6
139000,140023.31
750000,751690.0
150000,149856.37
750000,750685.1
112000,111906.0
215000,213300.0
300000,302445.0
950000,953010.0
849000,852930.0
390000,392867.74
286038,285485.51
990000,1102470.0
215000,212313.63
1490000,1482100.0
285000,284203.14
420000,426418.0
248000,249929.68
500000,502701.85
150000,149176.0
980000,976225.96
99000,99352.2
160000,160165.0
345000,345983.0
215000,214354.89
120890,120662.54
235000,238984.8
239000,239293.99
139500,140155.0
260000,260547.5
650000,650168.0
811000,817473.17
700000,699610.0
570447,571137.0
515000,518580.0
816000,816815.86
128000,128899.9
265000,266405.0
287700,288577.0
227000,228971.4
245000,245969.34
228000,226831.66
329000,328549.0
448000,448226.0
299000,295652.0
2150000,2154450.01
2300000,2229780.0
420000,421620.0
105000,104570.25
2200000,2204920.0
3950000,3967700.0
597000,596900.0
96600,96727.91
136570,136670.0
160000,159319.45
495000,494570.0
209000,210885.0
1350000,1371186.0
155000,155949.88
279000,280786.0
1800000,1814277.0
587000,586584.21
1150000,1147694.0
378000,369590.0
590000,587319.8
520000,519770.0
598000,597790.3
260000,259997.38
1350000,1354914.0
176900,176488.98
105000,105280.0
830000,833490.0
309000,310700.0
164900,165318.0
999000,987629.94
225000,446922.41
329000,330786.97
299900,299752.11
1325000,1322763.68
2500000,2622250.0
228000,229335.0
160000,158956.0
160000,159265.0
170000,169266.0
122000,121711.49
75000,75948.0
220000,219477.97
634500,637041.0
119900,118953.9
565000,562060.0
145000,145271.0
169000,168425.0
900000,896771.43
299000,299098.2
365000,366141.0
325000,326818.0
890000,887349.06
1390000,1389830.0
235293,235303.71
950000,942127.71
450000,447454.0
480000,480188.95
178500,177403.7
235000,234460.7
1860000,1843550.0
450000,449352.48
167000,165432.97
1900000,1859490.0
2350000,2433176.0
2200000,2192700.0
650000,659520.0
585000,585878.5
829000,827735.96
385000,385263.06
560000,560988.2
1599000,1599010.0
135000,135935.0
127500,127785.6
469000,472872.23
500000,503552.0
340000,339780.0
287000,284599.38
125900,126454.61
318000,317107.0
2500000,2518090.0
180000,180040.0
198000,197741.95
540000,541175.54
179000,182476.0
445000,449541.0
398000,397853.9
99000,99247.82
319000,319470.0
275000,275617.1
774000,779864.68
220000,220884.87
240000,239343.0
640000,633720.0
170000,171438.0
750000,745448.0
239900,240341.0
625000,627930.0
148000,148941.04
1490000,1491300.0
1890000,1887980.0
132900,132629.0
129000,128504.1
630000,620370.24
150000,149760.5
150000,149994.03
690000,700470.0
600000,593390.0
1350000,1330390.0
460000,458467.0
710000,710805.0
405000,402494.0
196900,195690.1
845000,828304.24
335000,327926.0
159000,159435.45
1000000,997610.0
375000,371316.36
260000,260257.0
135000,135075.0
2320000,2336600.0
135000,135396.0
449500,449918.0
753000,755155.0
159000,159336.68
999000,996949.99
340697,341638.4
775000,784180.0
358000,354622.0
339000,336885.0
238850,237350.96
850000,849424.61
695000,694120.0
230000,230308.0
530000,540400.0
290300,287726.39
298000,291862.76
95000,94358.67
259000,261822.96
229000,228462.4
130700,131415.09
271078,270282.62
1590000,1566600.0
788717,795736.54
160000,159707.0
1155000,1143890.0
139000,139660.0
181000,181000.0
243000,241074.0
215000,215483.5
126500,125645.0
275000,268035.0
750000,744300.0
1280000,1277900.0
200000,200741.19
750000,761985.96
129000,128823.0
353000,352356.63
305000,303760.0
500000,499720.82
2900000,3156564.0
268000,269008.0
260000,258157.1
575000,581196.8
595000,605490.84
315000,314313.0
230000,229024.0
470000,470427.0
1500000,1518050.0
310000,309498.0
599000,601393.9
125000,124396.0
112000,117720.0
600000,597636.3
5000000,5029000.0
550000,550214.6
465000,467741.0
490000,492530.0
579000,597120.82
515000,515150.0
798000,793810.0
157000,158730.0
235718,235918.07
321000,321243.4
144000,144690.0
120000,120217.35
212000,212553.98
595000,594009.0
369000,367455.0
890000,902000.0
280000,281223.06
290000,290666.95
700000,707115.0
1650000,1644800.0
955000,949280.0
1195000,1200550.0
380000,382419.99
1590000,1582659.89
398000,398446.0
225000,224529.36
245000,243931.0
1300000,1300050.0
1950000,1938900.0
720000,726163.5
883547,885397.43
367900,370425.33
130000,131121.0
129900,129719.64
279000,279051.9
1195000,1203230.0
119900,119610.0
1390000,1394422.0
1700000,1693360.0
1250000,1256850.0
315000,313528.984
1275000,1290719.21
1750000,1747140.0
85000,85493.96
265000,266205.67
129900,129333.67
127000,126406.0
299000,298092.5
920000,922668.0
4500000,4453000.0
840000,843140.0
320000,323158.5
954000,962847.0
285000,285855.0
150000,149867.0
128000,127268.0
635000,639800.0
548000,548893.37
1650000,1642667.9
750000,758000.0
250000,250416.38
1750000,1741000.0
723000,723070.0
660000,663220.0
780000,774505.5
140000,139427.8
1460000,1448733.28
763650,765607.82
650000,635630.72
495000,493984.0
377789,373226.14
930000,928900.0
1390000,1400300.0
280000,280183.51
185000,184937.0
750000,757816.98
157000,157920.0
238000,240715.14
725000,728210.63
278000,280550.0
360000,358060.0
320000,316438.6
93000,91829.41
620000,618230.65
3650000,3799700.0
125000,124407.78
798000,792596.88
168000,167962.0
150000,150683.97
120000,119662.0
459000,454468.0
330000,330856.0
749000,750930.0
353900,356641.6
299000,298969.2
130000,130026.0
459000,457478.0
390000,388695.0
2490000,2498990.0
1400000,1455600.0
650000,637340.12
4200000,4158310.0
250000,247694.97
950000,949440.0
269900,272950.25
104000,106800.67
625000,624937.7
92900,92401.0
995000,991000.0
1290000,1257880.0
126000,125997.03
950000,951790.0
395000,398618.96
600000,627460.0
139000,138158.18
2695000,2704540.0
350000,348889.0
420000,422850.0
2950000,2901550.0
1950000,1959330.0
89000,92291.4
199000,198497.19
195000,195999.99
2150000,2149510.0
520000,521397.77
825000,822155.0
2950000,2906450.0
530000,532963.63
119900,123458.74
340000,340348.0
990000,975066.62
850000,853070.0
535000,532727.0
2000000,1959150.0
730000,720627.84
580000,581869.9
625000,620960.0
325000,323530.0
310000,311346.44
615000,614620.0
1940000,1935200.0
2280000,2274200.0
949000,945000.0
338379,340468.7
2200000,2229209.2
2300000,2285690.0
215000,216553.0
279000,280070.0
850000,849900.0
900000,890613.77
161000,160606.8
2695000,2595800.0
209000,212800.0
207000,207680.0
489469,491189.0
1379000,1369120.0
1900000,2329990.0
124200,124355.23
180000,180858.96
790000,788420.0
370000,373790.36
120000,121283.59
649999,648630.1
179900,180068.94
120000,118977.9
399000,403165.0
923000,931170.0
655000,660471.62
850000,853970.0
1330000,1329750.0
285577,285614.12
176000,176632.0
155000,154460.0
620000,612160.0
210000,210583.0
135000,135050.0
162000,160557.0
830000,829710.0
925000,904900.0
152000,150464.0
330000,330797.68
670000,666940.0
1090000,1123900.0
720000,714440.0
139000,139258.0
238000,239315.77
165000,165576.6
127500,128309.0
960000,959069.1
815000,812411.27
1070000,1069660.0
675000,677080.0
349000,345428.3
1280000,1262674.0
650000,631655.36
280000,277586.0
1200000,1178890.0
222000,222614.92
550000,550203.0
235000,235053.5
129000,129918.0
1600000,1619845.14
2355000,2456860.0
230000,228214.16
299000,297937.93
159950,160499.8
295693,292487.89
798938,807800.0
167000,169554.0
1050000,1040760.0
230000,232078.0
127600,127604.0
620000,620705.9
265000,266211.0
330000,333308.88
240000,240436.2
315000,319828.0
580000,577017.0
185000,188903.5
349000,349793.0
210000,211388.0
1799000,1827100.0
585000,581255.12
625000,626370.12
450000,448246.0
860000,865394.57
575000,575090.5
212000,212032.29
1200000,1213278.0
200000,200091.0
530000,525859.96
125000,125320.0
94000,95245.8
375000,376978.0
469000,478015.0
208000,208559.9
590000,589905.9
633000,642286.0
860000,871909.97
115000,116299.7
520000,521891.9
590000,592324.99
154000,154340.0
1120000,1127950.0
550000,551502.2
1350000,1352745.0
1100000,1089177.06
450000,448575.0
520000,526280.0
257720,253988.41
205000,204945.99
580000,578937.0
3000000,3102000.0
130000,128827.0
135000,134870.7
700000,697921.92
394000,395584.6
415000,416100.0
149900,149563.0
570000,570469.52
610000,628350.0
633000,636179.28
150000,152073.38
1690000,1693300.0
298000,295485.0
598000,597730.0
105000,105321.2
145000,146164.99
2300000,2358360.0
625000,624580.0
450000,454794.5
1650000,1661100.0
917700,917845.0
400000,398443.0
550000,549480.0
465000,463909.0
670000,663454.72
700000,699004.6
990000,977226.5
310000,314643.69
210000,209420.0
379900,383050.0
215000,214047.05
230000,229950.0
180000,178925.7
1200000,1195139.0
351000,351380.0
2150000,2154560.0
339000,341600.0
276000,279135.78
165000,163784.0
165000,164998.0
699000,699030.0
1650000,1645300.0
298000,296978.77
630000,629290.0
369900,373809.0
345000,344116.0
3400000,3362400.0
126900,128688.0
420000,420256.0
1495000,1494029.99
126000,126226.99
2785000,2777890.0
340000,339730.0
296500,298488.53
4990000,4729800.0
260000,260433.0
169000,172645.92
270000,270017.2
700000,699380.2
390000,390010.0
1575000,1585492.45
1800000,1798000.0
549000,552546.0
335000,338142.0
260000,261235.5
575000,580662.8
348000,355875.67
369000,369850.0
369000,369361.07
148000,149037.0
895000,893470.0
2250000,2248500.0
142000,143452.0
233789,235921.29
158000,157240.0
570000,569168.2
305000,302440.0
155000,154789.7
259470,259879.88
340000,339249.99
330000,328182.0
311000,311187.2
625000,625168.0
1590000,1584632.73
130000,129912.2
450000,445656.0
330000,330109.0
285000,284795.98
1300000,1279038.49
295000,296133.2
118000,118045.0
220000,220117.0
180000,179617.0
270000,273642.5
1550000,1548502.8
900000,902004.61
225000,223905.1
420000,419530.0
349000,348900.0
359000,357121.36
790000,787650.0
269000,268793.7
420000,418808.0
730000,728724.18
1050000,1049510.0
378500,382309.0
995000,991642.43
1700000,1721200.0
2600000,2898270.0
1550000,1557580.0
260000,262088.1
1000000,990119.12
820000,818550.0
330000,329310.0
320000,319842.08
1400000,1410950.0
195000,196426.9
875000,879911.0
560000,555660.0
135000,135000.0
1495000,1497150.0
550000,553301.6
1145000,1170830.0
250000,250020.0
279000,279238.0
490000,492270.0
900000,898390.0
1900000,1865690.0
1600000,1592300.0
189000,188938.6
119000,119010.0
185000,183534.0
184000,183400.0
240000,239807.0
549000,547139.62
166000,168674.21
360000,362945.0
1250000,1250150.0
115000,115030.0
230000,231470.96
455000,455186.82
235000,234416.04
650000,671570.0
215000,217095.0
160000,159579.98
136100,136093.99
295000,298467.8
180000,183903.0
1200000,1199300.0
525000,521728.54
1940000,1938150.0
570000,569680.4
380000,374830.0
279000,278872.0
550000,550254.0
790000,791224.0
325000,322930.0
281900,281649.09
680000,679750.0
490000,491628.0
99500,100478.82
930000,931961.96
690000,690331.0
170000,170015.0
118000,119209.0
375000,372255.0
1600000,1596979.95
179900,179755.59
1020000,986785.68
450000,449496.0
590000,591729.0
525000,541270.0
550000,552712.0
2280000,2260900.0
330000,333694.5
730000,729015.0
160000,160497.13
615000,619490.0
1275000,1293944.3
970000,961761.0
950000,949585.71
245000,244489.8
210000,210308.99
175000,174268.0
137000,136640.0
775000,775269.16
780000,782350.0
140000,139812.49
978000,975430.0
155000,155169.8
2400000,2415970.0
525000,523947.0
210000,197225.97
329000,335400.74
150000,150986.0
240000,239541.94
540000,540010.0
999000,1003148.0
2900000,3123812.0
271000,271050.0
720000,713628.0
3500000,3513590.0
184900,185007.3
1395000,1394950.0
480000,479612.61
515000,518410.0
310000,308374.9
580000,584907.7
598000,594226.0
227000,227721.64
69000,73347.39
320000,318956.0
219000,217810.0
277000,279064.0
115000,114747.0
2100920,2084270.0
560000,559876.4
3200000,3207400.0
360000,359236.0
280000,281523.9
2190000,2289928.0
1185000,1195950.0
125000,125195.9
145000,146016.68
2195000,2196200.0
230000,230230.0
168800,170761.0
295000,295543.0
2300000,2307150.0
1900000,1885630.0
240000,241163.92
101700,103479.5
215000,198260.0
998000,998000.0
540000,540010.0
169900,168003.89
160000,158898.16
489000,489142.76
149000,149281.0
460000,457300.0
540000,543050.0
520000,518938.65
120000,119759.0
225000,224354.36
1420000,1440162.0
715000,693839.0
175000,175109.0
225000,225078.0
390000,387850.0
135000,135327.01
221000,221422.97
1780000,1795540.0
150000,149928.99
190000,192420.9
454000,452703.0
449000,449952.25
345000,344429.0
168000,169023.0
3500000,3535100.0
490000,484577.0
450000,448074.0
173000,173356.0
399900,403428.0
110000,109949.0
280000,281088.0
347800,349473.56428571424
1190000,1179930.0
898000,900928.0
98000,98975.28
215000,214831.0
265000,264093.97
1060000,1069527.88
895000,892114.99
530000,531861.14
138900,139356.0
350000,348423.59
440000,441422.0
420000,419390.0
179000,179159.6
435000,435210.0
2300000,2292085.0
360000,358220.7
3950000,3854580.0
870000,870340.0
604000,604140.0
260000,259565.78
575000,576719.5
857000,857760.0
875000,880110.5
115000,115106.0
485000,487559.5
163500,163349.0
490000,483663.0
214700,214665.99
277000,278084.9
205000,204197.49
872000,867430.0
680000,684060.0
239500,237846.54
860000,846810.0
850000,844490.0
350000,349930.0
194000,194549.94
482500,482525.0
2000000,1962300.0
128000,129543.0
780000,778967.0
800000,805035.56
126500,127952.0
270000,270125.04
150000,150747.0
520000,519500.0
218000,217880.0
180000,179723.0
340000,339970.0
975000,979009.0
148270,148743.7
1590000,1588220.0
2500000,2520830.0
3000000,3104000.0
170000,171681.99
775000,767972.98
230000,230591.0
451000,448726.0
257000,256835.48
799000,796249.8
216278,214880.49
299000,299531.21
320000,319874.0
90000,90179.77
400000,401947.0
295000,294710.0
845000,842260.0
1395000,1395800.0
310000,309206.15
545000,543474.0
135000,135420.39
1600000,1574199.93
750000,746827.6
179000,178680.0
142000,146459.36
125000,125063.19
970000,979140.84
999000,997490.0
1800000,1793400.0
1100000,1050112.58
180000,180039.2
2450000,2387942.0
330000,330321.7966666667
104100,103711.2
570000,572337.0
1060000,1061643.94
395000,395000.0
2280000,2289550.0
189900,190266.99
980000,980605.0
222000,221529.0
978000,996665.42
169900,170243.0
151000,149917.99
420000,422243.0
2420000,2472630.0
955000,957357.15
270000,271433.7
123000,124753.0
570620,569581.3
450000,449889.0
917700,924420.0
1400000,1396500.0
1995000,1993050.0
185000,183901.9
2300000,2294700.0
1300000,1306110.0
220000,221543.4
299900,296571.0
115000,115702.66
169000,169484.58
1050000,1017892.58
506000,500570.0
520000,520862.3
289000,289105.0
458000,458024.0
1300000,1307640.0
197260,196880.0
260000,260938.0
155000,154966.0
650000,646835.6
398000,396450.0
650000,643950.0
167500,167616.41
399900,399748.0
885000,885150.0
450000,448729.0
220000,212511.99
229990,230221.89
2250000,2257949.92
136000,136131.5
470000,470876.2
398000,399250.0
763450,768329.8
240000,240115.0
1600000,1599770.0
203000,204752.35
215000,214918.0
590000,593260.0
750000,752992.0
135000,135015.0
288000,287461.99
290000,289895.0
125000,125005.0
750000,747593.0
144900,145424.0
1250000,1267629.3
114000,113700.0
555000,555314.4
160000,159473.0
489500,490451.0
570000,572150.0
675000,653575.72
825000,824048.0
1215000,1201820.0
1980000,1959490.0
3000000,3121528.0
109900,108753.0
650000,676370.0
155000,155113.9
4790000,4718600.0
134000,134375.85
1200000,1218920.0
157000,155438.0
430000,430557.92
236500,238132.01
360000,361128.14
505000,499516.99
180000,182141.0
590000,593547.0
220000,219438.0
215000,209672.31
720000,720070.0
700000,701438.0
1150000,1135950.0
1680000,1691960.0
945000,930484.29
1990000,2008332.0
853000,853750.0
174000,173980.0
139000,139221.9
265000,265258.75
190000,189640.0
266122,266569.98
230000,229404.3
542900,542123.0
1699000,1764260.0
589000,592360.1
112000,112588.0
385000,391729.96
139500,139072.11
900000,905175.99
135000,135414.0
3620000,3477050.0
179900,181248.98
99000,99084.0
135000,135748.0
940000,948799.99
620000,622678.12
409000,406551.0
440000,436891.5
125900,125605.25
3250000,3246330.0
299000,300078.0
155000,154978.0
190000,190532.0
159000,158697.0
85000,87626.99
1590000,1590800.0
169000,170116.0
1150000,1150219.86
995000,995836.81
2075000,2112226.0
7900000,7965000.0
209000,208195.0
455000,450824.0
510000,513163.8
940000,939900.0
275000,276416.91
250000,249962.0
395000,391260.0
2695000,2713700.0
230000,229935.59
98000,101352.2
1590000,1588160.0
525000,524061.0
1198000,1212115.8
890000,892220.0
2200000,2189376.0
479900,478160.0
279000,279770.0
1475000,1475100.0
195000,195466.86
3950000,3632820.0
2375000,2370235.0
295000,298289.0
2300000,2308110.0
575000,575240.0
525000,527182.43
850000,847670.0
115000,114267.9
2410000,2385540.0
620000,625380.0
228000,225117.97
1343500,1339835.0
890000,886190.0
630000,628440.0
2700000,2745249.0
142000,141905.0
2695000,2702650.0
215000,214282.65
1715000,1707454.0
99900,98624.52
310500,310177.38
2100000,2107200.0
225000,223930.0
265000,265045.59
390000,397237.0
378000,379712.49
1650000,1661550.0
115000,115447.44
104000,103513.42
278000,277395.6
374000,372291.37
295000,292644.93
3500000,3137028.0
245000,244448.0
265000,266012.79
1400000,1408474.0
525000,529154.0
550000,552395.6
330000,329359.0
175000,175966.9
141050,141134.0
549000,549170.0
1740000,1710489.99
850000,852327.0
2600000,2508855.01
980000,975690.0
670000,677570.0
135500,135579.0
390000,386308.28
254000,253632.4
3250000,3215660.0
264310,262187.09
850000,887170.0
292900,294851.43
685000,679070.0
1790000,1763730.0
545000,540940.0
179000,170007.0
211000,209793.0
315000,315178.0
345000,344475.0
825000,801640.0
220000,220480.0
1260000,1249300.0
1750000,1739720.0
160000,159745.0
485000,484333.0
195500,194294.0
117500,116990.0
750000,751385.0
179000,177617.0
203000,201515.7
3000000,3054072.0
159900,160132.88
950000,949350.0
130000,129518.65
199900,199000.27
725000,728575.29
1350000,1363480.0
460000,459508.26
495000,471808.67
250000,249921.0
1430000,1424711.82
495000,494626.0
395000,393339.0
730000,736845.0
639000,640688.0
292000,290704.05
900000,910310.0
335000,336680.0
610000,611030.0
138000,138440.0
115000,114005.65
225000,225826.5
129189,129103.26
165000,165625.0
895000,902334.64
360000,363533.38
70000,71243.9
420000,420200.0
530000,527648.6
452000,451750.0
1250000,1267710.0
795000,792720.0
125000,124740.15
3000000,2994950.0
665000,664392.5
150000,151218.0
1100000,1106200.0
267000,268323.96
650000,649220.0
195000,193164.65
485000,485537.78
151900,151438.0
618000,617906.3
885000,872240.0
729000,728337.0
143000,142859.7
1175000,1141600.0
128250,128728.0
825000,841535.0
236154,235887.31
600000,577292.98
750000,734972.0
450000,450095.0
130000,128520.4
297150,297251.7
790000,795461.47
125000,125369.0
140000,140150.92
139000,139513.94
450000,449067.0
105500,105810.84
540000,540000.0
220000,220019.0
399000,397470.0
1790000,1787400.0
165000,162989.0
361500,360068.0
157900,158974.29
219900,219969.0
650000,642119.0
140000,139299.98
499000,499951.54
199500,198906.86
279000,275745.0
257000,257153.97
950000,950291.43
265000,266109.8
160000,158855.0
269000,266000.0
796000,798737.5
575000,575187.0
510000,511240.0
495000,493361.0
202000,201707.0
141000,140836.0
247000,246976.24
4500000,4650000.0
339000,341510.0
364600,371505.0
675000,675710.0
4200000,4140160.0
720000,690890.0
425000,423022.0
115000,115129.0
270000,270359.0
125000,125105.0
320000,319820.0
380000,378614.0
315000,317470.0
169500,169624.75
700000,646690.0
119000,118981.0
362000,363159.0
5800000,5953000.0
130000,129236.01
175000,174754.82
1290000,1313340.0
328000,326189.0
101000,100968.62
695000,700569.0
990000,993761.36
1495000,1501500.0
580000,581138.0
2125000,2145700.0
1049000,1048209.75
88000,84505.0
765000,765184.0
520000,520000.0
580000,579704.2
299999,298195.15
319000,320541.58
370000,370624.0
1120000,1117070.0
750000,751148.27
254900,256738.4
150000,149839.02
1900000,1906400.0
330000,329492.34
179000,177728.7
195000,194279.57
675000,671854.12
335000,333210.0
128000,128056.77
1800000,1807547.0
220000,218164.96
155000,153929.04
151900,152268.48
199000,198446.94
530000,529949.3
1250000,1250120.0
235000,234649.5
328000,326702.28
247000,251129.93
199000,198984.2
356175,357266.0
199000,198070.0
901250,903682.33
310000,311449.0
700000,688230.0
245000,245454.12
829000,833009.5
2850000,2771480.0
5150000,5447000.0
1990000,1981240.0
102000,101954.57
4950000,4987000.0
695000,684350.0
159000,158371.0
690000,692966.42
169900,169879.95
545000,541240.0
565000,567798.52
138000,138148.0
540000,540000.0
550000,541220.47
263000,263831.75
875000,876441.5
730000,728181.42
323000,324957.62
1157000,1158300.0
175000,175537.0
215000,214197.0
420000,417655.0
950000,949940.0
430000,429630.0
334669,334805.32
1825000,1765350.0
1230000,1241230.0
1850000,1865044.0
187000,190413.0
153000,155953.41
750000,758150.0
99000,98944.4
2600000,2593750.0
1290000,1284569.76
580000,589685.29
565000,565671.2
148000,148928.22
290000,289817.0
355000,358289.76
335000,338184.0
127500,125289.4
335000,335394.17
965000,976730.0
110000,108653.0
135988,135301.18
423000,420886.0
198800,200203.01
370000,370093.0
185000,190019.9
635000,631820.0
183000,182465.8
750000,747947.56
319000,318561.0
660000,660545.91
219000,218789.35
169000,168607.0
425000,426984.0
1250000,1256780.0
390000,388967.0
995000,994989.98
160000,160972.12
83800,83883.8
450000,451725.0
399000,395840.0
257998,258256.4
890000,875502.06
775000,777320.0
198000,198834.85
170000,168914.0
599900,602548.0
1298000,1298750.0
190000,189004.97
347300,357456.0
226000,226702.36
950000,935211.66
220000,220870.0
145000,144821.0
315000,335770.13
1330000,1320854.64
425000,426199.95
185000,184778.99
1050000,1073600.0
167000,166957.0
1795000,1755180.0
380000,385291.7
420000,421944.98
175000,172487.0
685000,685891.2
200000,199596.46
1390000,1395909.0
3500000,3403600.0
1299000,1310430.0
1090000,1099784.64
268000,276795.0
340000,340116.0
131400,131444.9
3300000,3287960.0
169900,168268.0
230000,229773.26
900000,892147.65
125000,120203.0
465000,469317.0
180000,180074.6
1650000,1690250.0
799000,813730.0
5000000,4600150.0
314000,313377.46
79000,79848.0
148000,144530.82
239000,237835.0
81000,81639.32
1450000,1430100.0
890000,890190.0
2500000,2457760.0
619000,617598.0
3900000,3303900.0
245000,244767.0
1840000,1835280.0
599000,595270.0
875000,883588.5
1275000,1257981.84
129000,129230.0
1340000,1352877.36
145000,144637.0
1290000,1280900.0
151000,151312.49
1375000,1352700.0
58000,110452.0
390000,388536.13
315000,316832.0
220000,220448.92
3800000,3816030.0
1990000,1985932.0
238500,236705.0
2300000,2298020.0
275000,276110.0
115000,114995.1
194000,194109.0
248000,248219.0
2030000,1995800.0
265055,265878.2
237500,238376.7
109000,107796.26
275000,274429.09
188400,188383.49
134900,134365.0
620000,608550.0
2960000,2951800.0
380000,380720.0
950000,962637.71
119000,118421.0
220000,221555.0
260000,261004.0
148000,149777.0
860000,850866.06
119000,118505.0
150000,149550.5
104900,105794.98
179000,179052.8
279900,279665.0
1550000,1563750.0
490000,486854.67
320000,309165.0
299000,297562.88
179000,178489.51
2500000,2466500.0
190000,190788.0
140000,139923.0
175000,175308.0
740000,735120.5
172000,171410.0
374000,375450.0
145000,144725.7
320000,320457.0
419900,417928.0
120000,120226.0
900000,893552.86
360000,358430.7
189000,189091.85
995000,986600.0
90000,90438.2
135000,134684.35
480000,479455.22
369000,368366.56
178000,178098.48
365000,365659.4
359900,358652.0
1970000,1971990.0
6750000,5710250.0
336000,334359.97
880000,874210.0
380000,377768.0
1240000,1234970.0
154000,153079.0
950000,945439.0
129000,128470.5
540000,539700.0
324000,318466.87
580000,581059.0
850000,854338.0
1500000,1495518.4
265000,265366.0
247900,247883.0
248000,246952.0
649900,650438.0
1100000,1107150.0
439000,437366.0
200000,198897.5
170000,169947.9
144000,143878.0
219268,219524.85
160000,157494.0
269000,269110.0
1480000,1449106.0
232000,232195.5
145000,144224.5
240000,240798.0
430000,430485.2
470000,468260.0
696000,692160.0
727150,727460.0
154900,152101.0
169900,171262.99
255000,256554.0
1000000,991509.0
130000,129358.15
129900,128924.0
1085000,1096090.0
1800000,1784730.0
137500,136224.54
215000,216949.0
385000,385901.66
375000,376890.0
345900,346919.9476190476
339000,339260.0
777385,773754.38
699000,695900.0
420000,421634.0
980000,1134380.0
1343500,1340470.0
1400000,1415261.04
1250000,1248370.0
770000,772066.0
4350000,4367650.0
1650000,1647850.0
2097000,2115260.0
540000,540000.0
950000,959396.0
420000,418621.99
730000,732184.0
795000,794981.0
1200000,1191330.0
166000,167910.2
1500000,1524160.0
229000,229158.83
370000,370060.0
305000,304549.96
395000,396658.9
235000,234376.2
175000,186055.0
375000,379421.0
1395000,1403050.0
140000,139389.7
334206,334805.32
235000,235732.0
74800,71887.06
349000,349550.0
775000,780257.96
530000,527730.0
235000,233576.55
290000,288190.0
2100000,2089480.0
260000,257975.2
127500,131495.97
1290000,1278000.0
140000,138565.0
245000,246549.3
379900,385669.44
950000,966763.22
865000,851210.0
365000,366205.64
475000,475020.64
161000,160863.1
1814000,1820740.0
599500,606788.63
101700,103278.1
450000,446991.0
1100000,1097540.0
520000,520776.0
1900000,1923291.0
155000,154385.0
179999,179796.61
710000,710504.5
225000,225915.76
595000,596425.0
630000,636429.0
650000,650298.0
155000,158296.0
1050000,1051154.0
200000,200383.65
555000,556189.7
578700,579738.6
330000,328999.0
173000,170990.0
890000,891504.59
110000,109757.8
895000,902684.64
119900,120396.25
4500000,4472750.0
510000,500919.97
109000,109333.0
189000,189814.5
194000,196139.97
228000,227715.0
189000,188381.47
220000,220077.5
358000,358645.9
110000,109575.39
635000,636148.97
132260,130144.0
1100000,1100000.0
995000,989980.0
410000,411470.0
369000,370010.0
365000,364652.0
465000,468280.0
432000,436580.0
169900,169615.0
719000,723276.5
450000,447089.0
349000,349219.0
128000,128597.0
480000,468570.0
950000,975679.07
595000,632429.0
1599000,1573659.88
107000,106373.5
120000,120297.35
87000,86060.9
198000,197747.95
770000,768228.0
760000,759972.86
650000,649425.0
600000,598249.0
1150000,1131878.6
345000,346359.9916666667
265000,265025.91
695000,695980.0
1290000,1296110.0
900000,903128.0
170000,167916.0
134000,132857.0
185000,185308.58
330000,333180.0
535000,526679.72
260000,262132.0
335000,328474.0
207000,209674.75
705000,699966.0
273000,273402.78
899000,888966.0
112700,112533.39
169990,169934.22
495000,495768.5
310000,311244.0
255000,255200.0
189000,189712.35
159000,159248.6
1100000,1096579.62
259000,259616.97
345000,339218.26
290000,290490.0
425000,425340.0
1290000,1291990.0
498000,501027.5
169900,170005.6
146000,147184.7
569000,572478.0
859000,856420.0
285000,287884.0
682361,678499.2
165000,165131.0
135500,136654.1
320000,320998.7
2250000,2245594.0
430000,430117.83
3800000,3644390.0
800000,797088.58
520000,520210.0
1100000,1099900.0
173000,171681.99
179900,183704.0
1130000,1078190.0
1600000,1624900.0
620000,690160.0
435000,434105.0
350000,349920.0
698000,698108.18
580000,580720.0
299000,300466.5
2170000,2196650.0
2400000,2327390.0
415000,413860.0
306000,306361.1
650000,682740.0
869000,863104.18
160000,158894.0
165000,162135.0
580000,580320.0
139900,139512.49
588000,614848.94
340000,340139.0
550000,556353.1
337000,338693.98
380000,383636.0
300000,298470.11
215000,214866.0
980000,983240.0
450000,443775.0
179000,179177.78
204000,203606.99
1080000,1085538.88
3500000,3517570.0
1280000,1278150.0
180000,180299.0
349000,352230.0
275000,275195.0
159000,157834.99
1100000,1112800.0
499000,503818.0
193000,193709.94
1199000,1248520.0
1150000,1148545.8
225000,224644.89
1090000,1129460.0
249000,250147.92
509000,505063.69
330000,329894.0
183000,182453.1
175000,176206.4
400000,397959.0
695000,694680.0
147000,146386.0
880000,891749.94
653165,652638.73
945000,946400.0
4320000,4296880.0
560000,559720.88
588000,591872.35
295000,294864.0
465000,463680.0
509000,508364.12
795000,793717.0
1500000,1481470.0
800000,804550.0
339900,340119.9916666667
1187500,1181420.0
220000,220947.89
155000,154994.0
377000,379077.5
195000,194278.2
789000,791829.58
158000,157803.38
1995000,1934499.2
126000,125564.0
420000,409836.14
2150000,2147400.01
400000,398335.0
780000,785620.86
2100000,2090800.0
3200000,3212150.0
444900,442485.6
173000,169402.0
118000,117594.8
226000,226439.36
1187500,1189235.0
788000,776661.42
155000,154941.3
340000,342614.0
545000,543347.0
435000,441854.0
238000,238029.0
279000,277735.25
848000,850660.0
2800000,2830230.0
2600000,2579620.0
149500,149740.6
340870,341344.78
263000,266940.16
112500,113756.38
575000,575139.0
258000,256748.72
710000,720542.55
488910,489328.95
804234,804714.94
270000,270385.85
850000,845660.0
7800000,6737500.0
450000,449994.0
1400000,1380230.0
220000,220453.0
194000,192616.18
226000,225392.9
169000,169372.0
645000,645922.0
370000,367237.0
275000,276759.24
119000,121043.3
1250000,1245400.0
2500000,2459105.0
1650000,1647390.0
1370000,1362400.02
140000,139956.0
440000,440718.0
995000,994530.0
428000,426743.0
1250000,1253770.0
229000,227570.0
1150000,1163443.6
1700000,1686400.0
970000,980762.0
5000000,5037000.0
155000,153536.49
280000,282722.0
510000,510012.0
254000,249444.0
159000,158969.0
208000,208815.03
800000,796222.0
1375000,1373200.0
298000,296115.83
538600,541193.0
485000,482336.46
340000,337524.0
1575000,1575250.0
375000,375340.0
633000,636600.28
374000,370373.5
99900,100766.0
101500,101639.48
260000,258837.9
1500000,1491720.0
100000,100321.37
748000,748893.52
1100000,1100000.0
187000,187556.0
1177000,1181580.0
790000,789496.75
370000,371194.7
135000,135444.0
1150000,1171000.0
5000000,5393600.0
570000,568744.0
290000,290591.0
233000,231822.5
450000,451665.0
785000,788700.0
284900,284620.0
494900,498028.7
595000,594290.2
980000,966168.0
553600,551569.0
700000,696899.9
890000,886950.0
151000,152703.0
426500,436220.0
1200000,1243310.0
1500000,1491670.0
760000,754445.0
2375000,2307525.01
70000,73549.5
125000,123820.0
770000,760435.78
200000,200427.13
599000,596349.0
430000,428650.0
690000,689617.06
390000,387980.0
189500,189742.18
150000,149383.85
790000,796176.11
251569,251039.0
1490000,1491050.0
145000,145432.0
235000,235573.56
390000,388090.0
1500000,1504807.36
280000,279080.0
770000,776546.37
999000,984765.68
140000,139832.62
669000,668300.0
298000,298185.0
576900,586844.0
155000,154855.04
415000,418736.0
810000,810050.0
285000,286512.07
198000,197818.0
449000,450235.0
320000,320967.82
196000,196828.05
193000,193059.0
1950000,2046654.0
1700000,1700000.0
1495000,1488903.68
185000,186089.99
600000,597575.15
1750000,1752050.0
169000,168885.0
169000,168362.28
110000,110668.6
285000,287310.78
980000,968109.06
720000,719150.0
212000,211848.0
234000,235008.0
2990000,2964420.0
150000,151186.0
755000,756160.0
219000,220318.82
330000,333128.0
169000,171045.0
395000,393298.07
2290000,2290300.0
1300000,1287904.0
330000,336200.44
345000,344697.0
895000,899708.0
218400,219290.0
650000,649860.0
1695000,1693900.0
1450000,1443450.0
430000,428892.0
543500,542441.0
560000,559939.0
3500000,3486350.0
320000,321077.0
250000,249359.0
325000,325554.0
449000,450420.0
170000,172648.0
145000,145200.0
599000,602200.0
180000,180080.6
890000,881874.7
110000,107764.8
349000,346915.0
157000,157474.0
230000,229797.18
460000,452277.0
1480000,1477850.0
190000,190389.0
623000,623870.0
385000,404835.0
349500,349410.0
980000,974901.95
760000,760532.0
1350000,1330450.0
1150000,1162151.71
150000,149472.38
1210000,1251690.0
288000,288985.35
140000,139827.0
635000,632590.0
185700,185718.6
796000,782291.0
1850000,1849500.0
275000,274318.23
222000,221201.32
390000,388120.5
80000,83570.38
489900,483990.98
1599000,1599000.0
159000,159420.9
173000,172365.5
690500,693940.0
149000,148649.0
560320,561386.4
430000,430090.0
180000,178529.34
120000,119717.0
700000,696518.06
159000,159212.0
269000,269797.5
198000,198364.49
395000,394770.0
620000,618985.0
138000,138222.0
490000,490517.45
190000,192200.0
250000,248801.0
395000,390706.2
225000,224901.19
635000,632094.0
119900,119720.6
1800000,1803140.13
325000,325200.0
540000,540010.0
165000,165354.0
545000,539812.22
860000,854220.0
83000,84561.62
400000,399490.0
329900,329112.64
518500,522811.23
975000,974300.0
123000,125723.99
3800000,3824950.0
1090000,1089450.0
101000,100802.82
630000,629448.0
1590000,1592690.0
172000,170777.9
152000,150764.0
1600000,1599250.0
253000,252712.1
145000,144386.0
319000,319437.8
229000,227205.0
750000,754300.0
359900,358519.0
475000,476272.0
285000,284641.0
240000,240401.96
2500000,2473250.0
319000,319803.0
162000,162066.3
1380000,1390200.0
1597700,1598714.0
275000,274903.0
3000000,2907693.0
870000,872595.29
239500,238458.0
325000,326880.0
766000,771540.0
1225000,1228286.5
3850000,3916500.0
169000,170213.99
102000,99941.99
149000,149083.0
129000,128332.0
694300,695400.0
1155000,1153990.0
625000,624800.0
610000,604533.91
375000,373588.0
810000,809550.0
169000,168345.0
186000,185089.0
659000,653485.18
200000,199405.85
995000,993459.96
245000,244235.98
325000,325835.63
515000,511863.82
499000,499380.0
205000,204024.95
205000,205304.25
865000,856053.82
1098000,1099620.0
180000,158379.0
149000,148268.85
930000,940710.0
345000,345533.0
460000,458773.0
446500,447010.0
360000,362225.0
1150000,1152660.0
1450000,1445815.14
535000,535080.0
240000,240612.39
349000,357700.0
1300000,1292600.0
360000,362106.18
515000,511557.35
406000,407150.0
625000,629060.12
199000,197595.0
360000,357999.0
1448402,1455036.05
256250,256452.0
2499000,2497375.0
2200000,2199870.0
1225190,1231125.0
189000,189253.2
650000,626710.0
1635000,1635950.0
4999999,5457750.0
125000,124306.0
2100000,2099190.0
117000,116659.0
1550000,1577794.15
917000,924996.6
1850000,1862380.0
190000,189420.0
109900,110051.13
250000,249815.0
562000,544460.0
113000,112780.13
569000,570218.9
730000,730939.0
665000,665020.0
440000,435790.0
830000,823541.17
155000,155282.0
4000000,3993600.0
2695000,2702100.0
1035665,1038103.08
157000,157066.0
150000,149944.0
678000,678046.0
701304,698956.57
230000,232784.0
405000,407492.0
190500,191845.99
2000000,1941620.0
564000,561040.0
650000,650066.0
125220,125222.06
168000,167569.75
149000,148077.0
165000,165705.0
199900,199219.9
2700000,2828900.0
218000,220583.0
835000,836330.0
250000,224791.0
370000,370870.0
278106,277380.0
695000,694630.0
1290000,1293890.0
207000,207017.5
945000,949000.0
330000,329890.0
189000,189131.7
345000,342624.0
112000,112529.83
236000,238342.75
128000,127362.0
3100000,3025950.0
310000,309472.0
990000,992580.0
350000,348358.0
123000,123569.0
335900,339070.0
93556,92918.21
122900,123872.98
136570,136805.1
710000,708218.21
281800,280918.0
589000,586869.5
299000,298361.42
220000,221243.0
985000,985330.0
117500,118980.0
350000,348505.0
135000,135589.0
1900000,1956264.0
1700000,1686800.0
3100000,3026450.0
106000,106775.68
222000,221670.7
89000,88251.82
275000,274757.6
630000,628260.0
849000,847500.0
270000,269410.0
418000,418159.0
729000,729225.65
500000,492281.0
8700000,8546250.0
90000,91023.56
259000,257603.24
780000,778360.0
575000,574967.0
449000,449590.0
480000,478950.0
280000,278909.0
1095000,1091560.0
950000,948157.15
160000,160228.0
210000,210700.0
185000,184735.39
160000,157125.0
4000000,3935500.0
750000,745669.36
252000,253576.0
379000,379216.0
96000,96028.21
2215000,2214700.0
170000,169691.44
210000,208572.5
597000,597383.0
4200000,3532000.0
268900,265241.32
190000,190390.0
225000,226047.0
4350000,4421450.0
360000,358619.9
185000,185626.0
159000,159901.0
750000,750715.0
500000,496772.61
1780000,1719350.0
640000,643887.03
229000,229767.7
289000,290660.0
160000,159508.0
2175000,2158400.0
850000,849950.0
515000,523848.61
799000,787030.8
149000,149559.0
1750000,1739000.0
1900000,1872250.0
267000,267008.05
225000,225903.84
365000,367870.0
260000,259533.05
221000,221149.99
2350000,2332900.0
199900,199830.0
227000,230513.0
375000,377330.78
114300,113331.0
625000,625985.0
625000,624430.0
450000,449317.0
2900000,2909500.0
229900,230610.0
148500,148793.05
722000,718320.0
392500,396161.96
379000,378590.0
255000,253808.55
370000,367988.0
860000,859010.0
295000,290461.63
199000,197453.65
2500000,2470000.0
195000,191819.18
360000,358106.785
135000,134976.0
1380000,1383824.0
289000,287452.38
615000,617392.0
120600,120637.0
650000,645745.85
429000,428086.0
796000,796276.0
238000,237857.36
240000,239842.0
420000,417307.0
875000,875000.0
170000,170443.0
168000,168174.35
188400,188317.99
250000,251525.0
180000,180621.77
86000,88043.2
1375000,1384022.0
1990000,1991700.0
273600,273012.95
554140,554219.8
810000,797112.6
485000,484650.0
88320,88186.84
370000,370330.66
129000,129113.4
330000,328320.0
740000,737386.84
250000,250366.97
455000,454340.0
169000,168693.5
930000,933760.0
120000,119905.3
269000,271037.0
645000,645945.0
239000,239307.98
370000,369629.89
824000,824985.0
390000,389456.0
569000,567988.1
185000,184738.4
968198,910137.92
175000,173069.6
156000,156819.9
364000,366180.0
975000,979350.0
6500000,6348650.0
63990,70833.0
4400000,4382050.0
218000,217788.0
310000,309673.87
200000,199012.59
129000,129225.0
175000,175417.5
147000,145235.0
219000,220217.0
725000,728530.0
1580000,1582238.6
244000,242575.0
90000,90072.08
790000,790848.0
159000,159832.9
310000,309786.1
160000,159346.0
240000,239093.96
102000,102927.5
159000,157536.65
1800000,1789590.0
1350000,1363500.0
374500,375589.0
1750000,1673100.0
845000,843990.0
90000,91033.0
670000,671086.5
450000,447630.99
138000,139793.0
530000,525863.42
650000,647296.0
225000,224594.89
690000,686780.0
278000,278120.38
295000,296980.0
480000,480130.0
289000,288052.1
104100,103732.1
243000,247174.0
2630000,2624750.0
129000,129082.0
3000000,2973830.0
259000,259710.0
790000,789953.5
999000,998219.99
530000,525030.96
348000,346780.0
2800000,2765900.0
520000,518327.99
112000,121602.98
450000,448370.0
425000,427655.0
163000,163304.0
999000,999779.99
465000,464888.83
209900,209650.0
653429,652459.42
99000,99397.99
100397,99981.83
340000,341990.0
850000,846600.0
640000,635429.0
132000,132058.4
940000,940000.0
391000,390689.0
775000,775819.2
749000,747019.8
120000,120070.0
643000,645290.0
225000,225599.0
365000,365535.0
610000,608704.0
334000,331406.0
189000,190408.0
280000,277455.0
199000,198425.96
652800,647224.0
685000,688450.0
169000,170325.98
855000,859710.0
420000,420050.0
690000,734780.0
1850000,1859230.0
900000,903904.61
1300000,1316283.62
410000,410119.2
159000,159922.94
2300000,2234750.01
735000,737849.0
365000,364628.0
275000,274258.0
289900,292016.0
185000,184655.0
125000,125340.07
979000,978640.0
230000,230443.85
625000,624400.0
1590000,1678100.0
365000,380155.0
172000,171036.22
460000,457460.0
245000,248059.5
270000,267957.1
577500,572609.18
268000,267943.14
159000,157634.56
140000,139625.0
249000,249171.52
170000,169921.33
1850000,1860594.0
1120000,1110630.6
495000,492290.0
110000,110944.0
1325000,1281878.13
1375000,1373260.0
174000,174300.0
1900000,1920090.03
2300000,2316810.0
185000,184623.0
450000,451525.75
235000,235030.0
360000,359245.0
245000,244971.0
2250000,2264110.0
186000,185577.7
135000,134905.0
420000,417118.0
2475000,2463600.0
395000,380205.0
395000,398032.0
197000,197295.0
3650000,3802250.0
500000,499388.0
185000,178904.0
2050000,2069700.0
1050000,1009420.0
750000,754070.0
187000,187135.8
215000,214002.67
140000,139006.59
122000,121908.29
1050000,1031009.93
187500,187713.1
160000,159021.7
2100920,2085480.0
425000,423994.0
195000,197067.98
1590000,1609660.0
740000,736680.3
500000,499490.0
178000,175157.0
81000,83843.92
245000,245313.9
145000,144834.48
3600000,3400780.0
359000,361540.0
130000,129833.65
215000,214337.0
1330000,1371650.0
185000,184619.95
2100000,2080700.0
190000,187070.0
1500000,1495900.0
125000,124901.0
560000,560720.0
575000,577510.3
125000,125292.0
205000,203928.02
400000,366418.0
575000,564485.5
375000,371538.07
230000,229877.5
1180000,1171930.0
475000,478966.0
165000,164587.8
745000,751686.0
329000,324027.0
541200,539912.4
1321117,1328301.46
147000,148149.7
520000,520000.0
420000,460410.98
235756,235972.0
137000,136875.0
2500000,2592550.0
145000,143051.8
190000,191323.0
120000,119921.4
159000,159108.6
465000,467607.0
850000,853017.61
499000,509720.0
1475000,1484450.0
490000,490530.0
230000,230045.6
850000,847640.0
669000,669796.0
160000,160246.16
800000,798280.0
241000,240330.78
1850000,1811600.0
1357000,1356010.0
1200000,1195860.0
550000,551930.0
585000,587789.0
895000,910500.0
119000,119249.0
1695000,1688960.0
200000,199859.99
530000,539216.0
635000,629790.0
